<?xml version="1.0" encoding="UTF-8"?>
<beans xmlns="http://www.springframework.org/schema/beans"
       xmlns:xsi="http://www.w3.org/2001/XMLSchema-instance"
       xmlns:context="http://www.springframework.org/schema/context"
       xmlns:mvc="http://www.springframework.org/schema/mvc"
       xsi:schemaLocation="http://www.springframework.org/schema/beans
       http://www.springframework.org/schema/beans/spring-beans.xsd
       http://www.springframework.org/schema/context
       http://www.springframework.org/schema/context/spring-context.xsd
       http://www.springframework.org/schema/mvc
       http://www.springframework.org/schema/mvc/spring-mvc.xsd">

    <!--扫包-->
    <context:component-scan base-package="top.flobby.spring.controller"/>
    <!--默认跳过 css，js，img 等-->
    <mvc:default-servlet-handler />
    <!--使用注解-->
    <mvc:annotation-driven>
        <mvc:message-converters>
            <bean class="org.springframework.http.converter.StringHttpMessageConverter">
                <property name="supportedMediaTypes">
                    <list>
                        <!--response.setContentType(xxx)-->
                        <value>text/html;charset=utf-8</value>
                        <value>application/json;charset=utf-8</value>
                    </list>
                </property>
            </bean>
        </mvc:message-converters>
    </mvc:annotation-driven>

    <!--配置自定义类型转换器-->
    <!--<bean id="conversionService" class="org.springframework.context.support.ConversionServiceFactoryBean">-->
    <!--    <property name="converters">-->
    <!--        <set>-->
    <!--            <bean class="top.flobby.spring.convert.DateConverter" />-->
    <!--        </set>-->
    <!--    </property>-->
    <!--</bean>-->

    <bean id="conversionService" class="org.springframework.format.support.FormattingConversionServiceFactoryBean">
            <property name="formatters">
                <set>
                    <bean class="top.flobby.spring.convert.DateFormatter" />
                </set>
            </property>
    </bean>

    <!--定义视图解析器-->
    <bean id="viewResolver" class="org.springframework.web.servlet.view.freemarker.FreeMarkerViewResolver">
        <property name="contentType" value="text/html;charset=utf-8" />
        <!--freemarker-->
        <property name="suffix" value=".ftl" />
    </bean>
    <!--配置freemarker模板引擎-->
    <bean id="freemarkerConfig" class="org.springframework.web.servlet.view.freemarker.FreeMarkerConfigurer">
        <property name="templateLoaderPath" value="/WEB-INF/ftl" />
        <property name="freemarkerSettings">
            <props>
                <prop key="defaultEncoding">UTF-8</prop>
            </props>
        </property>
    </bean>

    <!-- 定义视图解析器 -->
    <bean id="viewResolver2" class=
            "org.springframework.web.servlet.view.InternalResourceViewResolver">
        <!-- 设置前缀 -->
        <property name="prefix" value="/WEB-INF/jsp/" />
        <!-- 设置后缀 -->
        <property name="suffix" value=".jsp" />
    </bean>

</beans>